﻿<?xml version="1.0" encoding="utf-8"?>
<Cards>
  <Card name="John Levit" type="Normal">
    <Tickets />
  </Card>
  <Card name="Joan Henderson" type="Normal">
    <Tickets>
      <Ticket>
        <OriginStation>Rzhev</OriginStation>
        <DestinationStation>Chateaubelair</DestinationStation>
        <DepartureTime>19/07/2016 13:33</DepartureTime>
      </Ticket>
    </Tickets>
  </Card>
  <Card name="Wanda Romero" type="Normal">
    <Tickets />
  </Card>
  <Card name="Joan Kennedy" type="Normal">
    <Tickets />
  </Card>
  <Card name="Melissa Oliver" type="Normal">
    <Tickets />
  </Card>
  <Card name="Sara Watkins" type="Normal">
    <Tickets />
  </Card>
  <Card name="Annie Rodriguez" type="Normal">
    <Tickets />
  </Card>
  <Card name="Carolyn Olson" type="Normal">
    <Tickets />
  </Card>
  <Card name="Evelyn Rogers" type="Normal">
    <Tickets />
  </Card>
  <Card name="Todd Castillo" type="Normal">
    <Tickets />
  </Card>
  <Card name="Andrew Webb" type="Normal">
    <Tickets />
  </Card>
  <Card name="Carol Harper" type="Normal">
    <Tickets />
  </Card>
  <Card name="Helen Stephens" type="Normal">
    <Tickets />
  </Card>
  <Card name="Ernest Robertson" type="Normal">
    <Tickets />
  </Card>
  <Card name="Beverly Long" type="Normal">
    <Tickets />
  </Card>
  <Card name="Roger Nelson" type="Normal">
    <Tickets />
  </Card>
  <Card name="Sandra Cox" type="Normal">
    <Tickets />
  </Card>
  <Card name="Carlos Lynch" type="Normal">
    <Tickets />
  </Card>
  <Card name="Katherine Olson" type="Normal">
    <Tickets />
  </Card>
  <Card name="Daniel Montgomery" type="Normal">
    <Tickets>
      <Ticket>
        <OriginStation>Chandmani</OriginStation>
        <DestinationStation>Davila</DestinationStation>
        <DepartureTime>19/02/2017 14:33</DepartureTime>
      </Ticket>
    </Tickets>
  </Card>
  <Card name="Richard Lynch" type="Normal">
    <Tickets />
  </Card>
  <Card name="David Carpenter" type="Normal">
    <Tickets>
      <Ticket>
        <OriginStation>Ninh Hoa</OriginStation>
        <DestinationStation>Jaquimeyes</DestinationStation>
        <DepartureTime>19/04/2016 15:13</DepartureTime>
      </Ticket>
    </Tickets>
  </Card>
  <Card name="Donna White" type="Normal">
    <Tickets>
      <Ticket>
        <OriginStation>Matriz de Camaragibe</OriginStation>
        <DestinationStation>San Isidro</DestinationStation>
        <DepartureTime>19/12/2016 21:33</DepartureTime>
      </Ticket>
    </Tickets>
  </Card>
</Cards>