[
	{
		"path" : "src/folders/resources/images/profile/blocked/bmp/kjOJjKpKh4.bmp",
		"size" : 32495.57
	},
	{
		"path" : "src/folders/resources/images/post/timeline/png/27kLXVm22Q.png",
		"size" : 44273.27
	},
	{
		"path" : "src/folders/resources/images/profile/browsed/bmp/Q52q15Zefa.bmp"
	},
	{
		"path" : "src/folders/resources/images/uploads/blocked/png/45Q92hqN5V.png",
		"size" : 51087.72
	},
	{
		"size" : 6638.98
	},
	{
		"path" : "src/folders/resources/images/post/browsed/bmp/QBN576hx4u.bmp",
		"size" : 10673.45
	},
	{
		"path" : "src/folders/resources/images/mobile/blocked/digi/3ISlOl969f.digi",
		"size" : 33820.37
	},
	{
		"path" : "src/folders/resources/images/profile/blocked/jpg/pgfMG75k4e.jpg",
		"size" : 41669.90
	},
	{
		"path" : "src/folders/resources/images/post/infigured/jpeg/F665808Atc.jpeg",
		"size" : 239.69
	},
	{
		"path" : "src/folders/resources/images/post/blocked/img/DTy126lX2w.img",
		"size" : 31013.45
	},
	{
		"path" : "src/folders/resources/images/uploads/refined/jpeg/Dl5coYebcH.jpeg",
		"size" : 5826.43
	},
	{
		"path" : "src/folders/resources/images/story/browsed/png/ubMYHgzhYb.png",
		"size" : 35756.39
	},
	{
		"path" : "src/folders/resources/images/profile/reformatted/img/W0ks4a39fb.img",
		"size" : 13893.83
	},
	{
		"path" : "src/folders/resources/images/profile/blocked/jpeg/fB3x0NwaNY.jpeg",
		"size" : 12210.73
	},
	{
		"path" : "src/folders/resources/images/post/reformatted/jpeg/e72c83y974.jpeg",
		"size" : 6117.43
	},
	{
		"path" : "src/folders/resources/images/story/blocked/jpeg/6Zjri62vV7.jpeg",
		"size" : 59271.39
	},
	{
		"path" : "src/folders/resources/images/post/infigured/vga/73VdtF2MRV.vga",
		"size" : 364.47
	},
	{
		"path" : "src/folders/resources/images/post/infigured/digi/32L06LKKKG.digi",
		"size" : 20341.74
	},
	{
		"path" : "src/folders/resources/images/post/infigured/png/17c7oNj50V.png"
	},
	{
		"path" : "src/folders/resources/images/story/browsed/jpg/p27t303Lra.jpg",
		"size" : 60160.73
	},
	{
		"path" : "src/folders/resources/images/profile/timeline/img/G77y9DQuv0.img",
		"size" : 45078.92
	},
	{
		"size" : 3616.76
	},
	{
		"path" : "src/folders/resources/images/profile/browsed/png/8c4B83uw03.png",
		"size" : 2479.23
	},
	{
		"path" : "src/folders/resources/images/mobile/infigured/digi/YV2Lj6g0t4.digi",
		"size" : 292.96
	},
	{
		"path" : "src/folders/resources/images/profile/infigured/png/064mWZ2NaQ.png"
	},
	{
		"path" : "src/folders/resources/images/mobile/blocked/jpg/YzCzZ5qk3P.jpg",
		"size" : 2129.41
	},
	{
		"path" : "src/folders/resources/images/post/infigured/vga/2vt1VWUuq3.vga",
		"size" : 13553.99
	},
	{
		"path" : "src/folders/resources/images/story/infigured/png/9H9M5a59Li.png",
		"size" : 34568.62
	},
	{
		"path" : "src/folders/resources/images/uploads/formed/png/719fXvccM9.png",
		"size" : 62300.48
	},
	{
		"path" : "src/folders/resources/images/profile/browsed/jpg/SFlUF20Ypm.jpg",
		"size" : 10158.76
	},
	{
		"path" : "src/folders/resources/images/story/blocked/png/1S2el3wJ3v.png",
		"size" : 10960.40
	},
	{
		"path" : "src/folders/resources/images/post/formed/vga/fO9Sp94k4K.vga",
		"size" : 52531.42
	},
	{
		"path" : "src/folders/resources/images/uploads/timeline/jpeg/2BZvc3RXA2.jpeg",
		"size" : 39184.46
	},
	{
		"path" : "src/folders/resources/images/mobile/blocked/jpg/reCEAwPN3Z.jpg",
		"size" : 2475.45
	},
	{
		"path" : "src/folders/resources/images/uploads/browsed/bmp/8AePN8J51t.bmp",
		"size" : 2433.36
	},
	{
		"path" : "src/folders/resources/images/post/formed/digi/6YLvj97k03.digi",
		"size" : 35037.91
	},
	{
		"path" : "src/folders/resources/images/profile/refined/jpg/g3BWLTG39t.jpg",
		"size" : 56284.92
	},
	{
		"path" : "src/folders/resources/images/story/reformatted/jpg/y3tGM8E88H.jpg",
		"size" : 41064.03
	},
	{
		"path" : "src/folders/resources/images/uploads/browsed/vga/n5xg70JZDw.vga"
	},
	{
		"path" : "src/folders/resources/images/uploads/formed/vga/E5c2G5rHLF.vga",
		"size" : 45674.39
	},
	{
		"path" : "src/folders/resources/images/post/formed/jpg/5eEjkxhYd3.jpg",
		"size" : 33587.94
	},
	{
		"path" : "src/folders/resources/images/post/timeline/digi/cM8i5E0597.digi",
		"size" : 29979.08
	},
	{
		"path" : "src/folders/resources/images/profile/reformatted/png/4Hg7J3qBNc.png",
		"size" : 52470.04
	},
	{
		"path" : "src/folders/resources/images/profile/browsed/png/841p0J24Oa.png",
		"size" : 73543.36
	},
	{
		"path" : "src/folders/resources/images/story/reformatted/img/hRI3TW31rC.img",
		"size" : 39559.96
	},
	{
		"path" : "src/folders/resources/images/story/refined/digi/CZVLmmtd5Y.digi",
		"size" : 7084.08
	},
	{
		"size" : 54634.07
	},
	{
		"path" : "src/folders/resources/images/mobile/reformatted/vga/Algy17q7VM.vga",
		"size" : 14957.07
	},
	{
		"path" : "src/folders/resources/images/uploads/formed/jpeg/5E5ak3CkhU.jpeg"
	},
	{
		"path" : "src/folders/resources/images/mobile/infigured/bmp/03z18luJc0.bmp",
		"size" : 33591.08
	}
]
