<?xml version="1.0" encoding="utf-8"?>
<comments>
	<comment>
		<content>What the fuck? Aaarghhhh! Why?</content>
		<user>ScoreSinduxIana</user>
		<post id="40" />
	</comment>

	<comment>
		<content>Wow! Wow, epic!! How?</content>
		<user>RoundAntigaBel</user>
		<post id="22" />
	</comment>

	<comment>
		<content>This is just... this is the best! Why?</content>
		<user>BlaImmagiIana</user>
		<post id="37" />
	</comment>

	<comment>
		<content>The best! Simply amazing! Love you!</content>
		<user>TheDivineBel</user>
		<post id="19" />
	</comment>

	<comment>
		<content>What is this? Aaarghhhh! Wtf!</content>
		<user>ScoreImmagidefon</user>
		<post id="2" />
	</comment>

	<comment>
		<content>Beautiful Aaarghhhh! Love you!</content>
		<user>WhoDenoteBel</user>
		<post id="2" />
	</comment>

	<comment>
		<content>This is just... That body tho!!! Love you!</content>
		<user>WhoDenoteBel</user>
		<post id="7" />
	</comment>

	<comment>
		<content>The best! Oh my god! Wtf!</content>
		<user>ScoreSinduxIana</user>
		<post id="12" />
	</comment>

	<comment>
		<content>I cannot beleive this How are you so beautiful? Love you!</content>
		<user>ScoreSinduxIana</user>
		<post id="39" />
	</comment>

	<comment>
		<content>The best! Absolutely majestic! Lol</content>
		<user>BlaImmagiIana</user>
		<post id="28" />
	</comment>

	<comment>
		<content>What the fuck? Wow, epic!! Love you!</content>
		<user>UnderSinduxrein</user>
		<post id="40" />
	</comment>

	<comment>
		<content>I cannot beleive this Absolutely majestic! How?</content>
		<user>UnveiledDenoteIana</user>
		<post id="11" />
	</comment>

	<comment>
		<content>This is just... Wow, epic!! Wtf!</content>
		<user>ScoreSinduxIana</user>
		<post id="5" />
	</comment>

	<comment>
		<content>Super! Simply amazing! Lol</content>
		<user>RoundArmydsa</user>
		<post id="11" />
	</comment>

	<comment>
		<content>I cannot beleive this Them legs tho!!! Wtf!</content>
		<user>ScoreSinduxIana</user>
		<post id="38" />
	</comment>

	<comment>
		<content>Oh my god! Aaarghhhh! Love you!</content>
		<user>BlaSinduxrein</user>
		<post id="19" />
	</comment>

	<comment>
		<content>I cannot beleive this this is the best! Love you!</content>
		<user>DarkImmagidsa</user>
		<post id="34" />
	</comment>

	<comment>
		<content>Beautiful That body tho!!! Love you!</content>
		<user>WhatTerrorBel</user>
		<post id="26" />
	</comment>

	<comment>
		<content>What the fuck? this is the best! Why?</content>
		<user>ScoreAntigarein</user>
		<post id="22" />
	</comment>

	<comment>
		<content>This is just... Absolutely majestic! How?</content>
		<user>RoundAntigaBel</user>
		<post id="32" />
	</comment>

	<comment>
		<content>Beautiful Absolutely majestic! How?</content>
		<user>ScoreImmagidefon</user>
		<post id="25" />
	</comment>

	<comment>
		<content>Oh my god! this is the best! Why?</content>
		<user>ScoreImmagidefon</user>
		<post id="22" />
	</comment>

	<comment>
		<content>Wow! Wow, epic!! Copying that!</content>
		<user>RoundInspecindi</user>
		<post id="40" />
	</comment>

	<comment>
		<content>The best! Them legs tho!!! Copying that!</content>
		<user>HighAsmahow</user>
		<post id="14" />
	</comment>

	<comment>
		<content>What the fuck? Simply amazing! Best wishes!</content>
		<user>WhatTerrorBel</user>
		<post id="14" />
	</comment>

	<comment>
		<content>The best! Oh my god! Copying that!</content>
		<user>UnderSinduxrein</user>
		<post id="27" />
	</comment>

	<comment>
		<content>Oh my god! Wow, epic!! Love you!</content>
		<user>ScoreImmagidefon</user>
		<post id="15" />
	</comment>

	<comment>
		<content>This is just... Oh my god! Wtf!</content>
		<user>RoundArmydsa</user>
		<post id="37" />
	</comment>

	<comment>
		<content>This is just... Wow, epic!! Best wishes!</content>
		<user>TheDivineBel</user>
		<post id="3" />
	</comment>

	<comment>
		<content>I cannot beleive this That body tho!!! Best wishes!</content>
		<user>ScoreAntigarein</user>
		<post id="36" />
	</comment>

	<comment>
		<content>Wow! Simply amazing! Why?</content>
		<user>ScoreImmagidefon</user>
		<post id="25" />
	</comment>

	<comment>
		<content>Super! Oh my god! Wtf!</content>
		<user>RoundArmydsa</user>
		<post id="2" />
	</comment>

	<comment>
		<content>Oh my god! Aaarghhhh! Why?</content>
		<user>RoundAntigaBel</user>
		<post id="20" />
	</comment>

	<comment>
		<content>What is this? Wow, epic!! Best wishes!</content>
		<user>BlaSinduxrein</user>
		<post id="24" />
	</comment>

	<comment>
		<content>The best! Simply amazing! Wtf!</content>
		<user>ZendArmyhow</user>
		<post id="40" />
	</comment>

	<comment>
		<content>I cannot beleive this That body tho!!! Copying that!</content>
		<user>WhoDenoteBel</user>
		<post id="35" />
	</comment>

	<comment>
		<content>Oh my god! Simply amazing! Lol</content>
		<user>ANinedsa</user>
		<post id="29" />
	</comment>

	<comment>
		<content>What is this? Simply amazing! How?</content>
		<user>DarkImmagidsa</user>
		<post id="20" />
	</comment>

	<comment>
		<content>This is just... Aaarghhhh! How?</content>
		<user>RoundArmydsa</user>
		<post id="36" />
	</comment>

	<comment>
		<content>Beautiful Wow, epic!! How?</content>
		<user>WhatTerrorBel</user>
		<post id="34">
	</comment>

	<comment>
		<content>Beautiful How are you so beautiful? Love you!</content>
		<user>ANinedsa</user>
		<post id="12" />
	</comment>

	<comment>
		<content>What the fuck? How are you so beautiful? Why?</content>
		<user>BlaSinduxrein</user>
	</comment>

	<comment>
		<content>Wow! this is the best! Best wishes!</content>
		<post id="32" />
	</comment>

	<comment>
		<content>Super! Absolutely majestic! Copying that!</content>
		<user>HighAsmahow</user>
		<post id="26" />
	</comment>

	<comment>
		<content>What is this? Wow, epic!! How?</content>
		<user>BlaAntigadsa</user>
		<post id="18" />
	</comment>

	<comment>
		<content>Oh my god! Simply amazing! How?</content>
		<user>ScoreSinduxIana</user>
		<post id="34" />
	</comment>

	<comment>
		<content>The best! Oh my god! Why?</content>
		<user>RoundInspecindi</user>
		<post id="20" />
	</comment>

	<comment>
		<content>What the fuck? Aaarghhhh! Copying that!</content>
		<user>TheDivineBel</user>
		<post id="36" />
	</comment>

	<comment>
		<content>Beautiful Wow, epic!! Why?</content>
		<user>BlaImmagiIana</user>
		<post id="5" />
	</comment>

	<comment>
		<content>I cannot beleive this Simply amazing! Lol</content>
		<user>BlaSinduxrein</user>
		<post id="36" />
	</comment>
</comments>
